page번호,뉴스제목,링크주소,기자이름,제보날짜
1page,"신규 확진 1만 2,161명…위중증 106명 · 사망 18명",https://news.sbs.co.kr/news/endPage.do?news_id=N1006779941,SBS | 김경희 기자,2022.06.09 09:33
1page,김종인 윤 대통령에 쓴소리할 사람 한동훈뿐…별의 순간 잡을 수도,https://news.sbs.co.kr/news/endPage.do?news_id=N1006779933,SBS | 유영규 기자,2022.06.09 09:33
1page,"[친절한 경제] 2분기 손실보상금 100만 원 선지급, 오늘부터 신청 시작",https://news.sbs.co.kr/news/endPage.do?news_id=N1006779917,SBS | 한지연 기자,2022.06.09 09:24
1page,"벤투호, 2번의 모의고사...오답 노트 쌓이네~! [축덕쑥덕]",https://news.sbs.co.kr/news/endPage.do?news_id=N1006779535,SBS | 하성룡 기자,2022.06.09 09:15
1page,"윤 대통령, MB 사면론에 이십몇 년 수감 안 맞지 않나",https://news.sbs.co.kr/news/endPage.do?news_id=N1006779907,SBS | 유영규 기자,2022.06.09 09:10
1page,"윤계상, 오늘(9일) 1년 늦은 결혼식…5세 연하 뷰티 CEO와 화촉",https://news.sbs.co.kr/news/endPage.do?news_id=N1006779866,,2022.06.09 08:59
1page,인천 아라뱃길 수로서 50대 여성 숨진 채 발견,https://news.sbs.co.kr/news/endPage.do?news_id=N1006779871,SBS | 유영규 기자,2022.06.09 08:46
1page,"인천 고교 기숙사서 학폭 정황…시 교육청, 조사 나서",https://news.sbs.co.kr/news/endPage.do?news_id=N1006779870,SBS | 유영규 기자,2022.06.09 08:40
1page,"윤 대통령, 나토 정상회의 참석 방침…한일 정상회담에 의욕",https://news.sbs.co.kr/news/endPage.do?news_id=N1006779869,SBS | 이현영 기자,2022.06.09 08:37
1page,[뉴스딱] 이 가격이면 그릇도 주는 거냐…논란 벌어진 식당 메뉴,https://news.sbs.co.kr/news/endPage.do?news_id=N1006779843,,2022.06.09 08:24
2page,"신규 확진 1만 2,161명…위중증 106명 · 사망 18명",https://news.sbs.co.kr/news/endPage.do?news_id=N1006779941,SBS | 김경희 기자,2022.06.09 09:33
2page,김종인 윤 대통령에 쓴소리할 사람 한동훈뿐…별의 순간 잡을 수도,https://news.sbs.co.kr/news/endPage.do?news_id=N1006779933,SBS | 유영규 기자,2022.06.09 09:33
2page,"[친절한 경제] 2분기 손실보상금 100만 원 선지급, 오늘부터 신청 시작",https://news.sbs.co.kr/news/endPage.do?news_id=N1006779917,SBS | 한지연 기자,2022.06.09 09:24
2page,"벤투호, 2번의 모의고사...오답 노트 쌓이네~! [축덕쑥덕]",https://news.sbs.co.kr/news/endPage.do?news_id=N1006779535,SBS | 하성룡 기자,2022.06.09 09:15
2page,"윤 대통령, MB 사면론에 이십몇 년 수감 안 맞지 않나",https://news.sbs.co.kr/news/endPage.do?news_id=N1006779907,SBS | 유영규 기자,2022.06.09 09:10
2page,"윤계상, 오늘(9일) 1년 늦은 결혼식…5세 연하 뷰티 CEO와 화촉",https://news.sbs.co.kr/news/endPage.do?news_id=N1006779866,,2022.06.09 08:59
2page,인천 아라뱃길 수로서 50대 여성 숨진 채 발견,https://news.sbs.co.kr/news/endPage.do?news_id=N1006779871,SBS | 유영규 기자,2022.06.09 08:46
2page,"인천 고교 기숙사서 학폭 정황…시 교육청, 조사 나서",https://news.sbs.co.kr/news/endPage.do?news_id=N1006779870,SBS | 유영규 기자,2022.06.09 08:40
2page,"윤 대통령, 나토 정상회의 참석 방침…한일 정상회담에 의욕",https://news.sbs.co.kr/news/endPage.do?news_id=N1006779869,SBS | 이현영 기자,2022.06.09 08:37
2page,[뉴스딱] 이 가격이면 그릇도 주는 거냐…논란 벌어진 식당 메뉴,https://news.sbs.co.kr/news/endPage.do?news_id=N1006779843,,2022.06.09 08:24
3page,"신규 확진 1만 2,161명…위중증 106명 · 사망 18명",https://news.sbs.co.kr/news/endPage.do?news_id=N1006779941,SBS | 김경희 기자,2022.06.09 09:33
3page,김종인 윤 대통령에 쓴소리할 사람 한동훈뿐…별의 순간 잡을 수도,https://news.sbs.co.kr/news/endPage.do?news_id=N1006779933,SBS | 유영규 기자,2022.06.09 09:33
3page,"[친절한 경제] 2분기 손실보상금 100만 원 선지급, 오늘부터 신청 시작",https://news.sbs.co.kr/news/endPage.do?news_id=N1006779917,SBS | 한지연 기자,2022.06.09 09:24
3page,"벤투호, 2번의 모의고사...오답 노트 쌓이네~! [축덕쑥덕]",https://news.sbs.co.kr/news/endPage.do?news_id=N1006779535,SBS | 하성룡 기자,2022.06.09 09:15
3page,"윤 대통령, MB 사면론에 이십몇 년 수감 안 맞지 않나",https://news.sbs.co.kr/news/endPage.do?news_id=N1006779907,SBS | 유영규 기자,2022.06.09 09:10
3page,"윤계상, 오늘(9일) 1년 늦은 결혼식…5세 연하 뷰티 CEO와 화촉",https://news.sbs.co.kr/news/endPage.do?news_id=N1006779866,,2022.06.09 08:59
3page,인천 아라뱃길 수로서 50대 여성 숨진 채 발견,https://news.sbs.co.kr/news/endPage.do?news_id=N1006779871,SBS | 유영규 기자,2022.06.09 08:46
3page,"인천 고교 기숙사서 학폭 정황…시 교육청, 조사 나서",https://news.sbs.co.kr/news/endPage.do?news_id=N1006779870,SBS | 유영규 기자,2022.06.09 08:40
3page,"윤 대통령, 나토 정상회의 참석 방침…한일 정상회담에 의욕",https://news.sbs.co.kr/news/endPage.do?news_id=N1006779869,SBS | 이현영 기자,2022.06.09 08:37
3page,[뉴스딱] 이 가격이면 그릇도 주는 거냐…논란 벌어진 식당 메뉴,https://news.sbs.co.kr/news/endPage.do?news_id=N1006779843,,2022.06.09 08:24
4page,"신규 확진 1만 2,161명…위중증 106명 · 사망 18명",https://news.sbs.co.kr/news/endPage.do?news_id=N1006779941,SBS | 김경희 기자,2022.06.09 09:33
4page,김종인 윤 대통령에 쓴소리할 사람 한동훈뿐…별의 순간 잡을 수도,https://news.sbs.co.kr/news/endPage.do?news_id=N1006779933,SBS | 유영규 기자,2022.06.09 09:33
4page,"[친절한 경제] 2분기 손실보상금 100만 원 선지급, 오늘부터 신청 시작",https://news.sbs.co.kr/news/endPage.do?news_id=N1006779917,SBS | 한지연 기자,2022.06.09 09:24
4page,"벤투호, 2번의 모의고사...오답 노트 쌓이네~! [축덕쑥덕]",https://news.sbs.co.kr/news/endPage.do?news_id=N1006779535,SBS | 하성룡 기자,2022.06.09 09:15
4page,"윤 대통령, MB 사면론에 이십몇 년 수감 안 맞지 않나",https://news.sbs.co.kr/news/endPage.do?news_id=N1006779907,SBS | 유영규 기자,2022.06.09 09:10
4page,"윤계상, 오늘(9일) 1년 늦은 결혼식…5세 연하 뷰티 CEO와 화촉",https://news.sbs.co.kr/news/endPage.do?news_id=N1006779866,,2022.06.09 08:59
4page,인천 아라뱃길 수로서 50대 여성 숨진 채 발견,https://news.sbs.co.kr/news/endPage.do?news_id=N1006779871,SBS | 유영규 기자,2022.06.09 08:46
4page,"인천 고교 기숙사서 학폭 정황…시 교육청, 조사 나서",https://news.sbs.co.kr/news/endPage.do?news_id=N1006779870,SBS | 유영규 기자,2022.06.09 08:40
4page,"윤 대통령, 나토 정상회의 참석 방침…한일 정상회담에 의욕",https://news.sbs.co.kr/news/endPage.do?news_id=N1006779869,SBS | 이현영 기자,2022.06.09 08:37
4page,[뉴스딱] 이 가격이면 그릇도 주는 거냐…논란 벌어진 식당 메뉴,https://news.sbs.co.kr/news/endPage.do?news_id=N1006779843,,2022.06.09 08:24
5page,"신규 확진 1만 2,161명…위중증 106명 · 사망 18명",https://news.sbs.co.kr/news/endPage.do?news_id=N1006779941,SBS | 김경희 기자,2022.06.09 09:33
5page,김종인 윤 대통령에 쓴소리할 사람 한동훈뿐…별의 순간 잡을 수도,https://news.sbs.co.kr/news/endPage.do?news_id=N1006779933,SBS | 유영규 기자,2022.06.09 09:33
5page,"[친절한 경제] 2분기 손실보상금 100만 원 선지급, 오늘부터 신청 시작",https://news.sbs.co.kr/news/endPage.do?news_id=N1006779917,SBS | 한지연 기자,2022.06.09 09:24
5page,"벤투호, 2번의 모의고사...오답 노트 쌓이네~! [축덕쑥덕]",https://news.sbs.co.kr/news/endPage.do?news_id=N1006779535,SBS | 하성룡 기자,2022.06.09 09:15
5page,"윤 대통령, MB 사면론에 이십몇 년 수감 안 맞지 않나",https://news.sbs.co.kr/news/endPage.do?news_id=N1006779907,SBS | 유영규 기자,2022.06.09 09:10
5page,"윤계상, 오늘(9일) 1년 늦은 결혼식…5세 연하 뷰티 CEO와 화촉",https://news.sbs.co.kr/news/endPage.do?news_id=N1006779866,,2022.06.09 08:59
5page,인천 아라뱃길 수로서 50대 여성 숨진 채 발견,https://news.sbs.co.kr/news/endPage.do?news_id=N1006779871,SBS | 유영규 기자,2022.06.09 08:46
5page,"인천 고교 기숙사서 학폭 정황…시 교육청, 조사 나서",https://news.sbs.co.kr/news/endPage.do?news_id=N1006779870,SBS | 유영규 기자,2022.06.09 08:40
5page,"윤 대통령, 나토 정상회의 참석 방침…한일 정상회담에 의욕",https://news.sbs.co.kr/news/endPage.do?news_id=N1006779869,SBS | 이현영 기자,2022.06.09 08:37
5page,[뉴스딱] 이 가격이면 그릇도 주는 거냐…논란 벌어진 식당 메뉴,https://news.sbs.co.kr/news/endPage.do?news_id=N1006779843,,2022.06.09 08:24
